电影名称,英文名称,年份,演员名称,演员英文名称,演员图片链接
爱的游戏,"Blé en herbe, Le",1954,艾薇琪·弗伊勒,Edwige Feuillère,http://img31.mtime.cn/ph/2014/02/22/205523.28133141_1280X720X2.jpg
爱的游戏,"Blé en herbe, Le",1954,妮可·伯格,Nicole Berger,http://img31.mtime.cn/ph/2014/02/22/210304.94337811_1280X720X2.jpg
爱的游戏,"Blé en herbe, Le",1954,,Pierre-Michel Beck,http://img31.mtime.cn/ph/484/1598484/1598484_1280X720X2.jpg
爱的游戏,"Blé en herbe, Le",1954,,Robert Berri,http://img31.mtime.cn/ph/1898/1071898/1071898_1280X720X2.jpg
爱的游戏,"Blé en herbe, Le",1954,,Simone Duhart,http://img31.mtime.cn/ph/1723/1077723/1077723_1280X720X2.jpg
爱的游戏,"Blé en herbe, Le",1954,,Hélène Tossy,http://img31.mtime.cn/ph/1531/1079531/1079531_1280X720X2.jpg
爱的游戏,"Blé en herbe, Le",1954,,Charles Dechamps,http://img31.mtime.cn/ph/1741/1141741/1141741_1280X720X2.jpg
爱的游戏,"Blé en herbe, Le",1954,路易·德·菲耐斯,Louis de Funès,http://img31.mtime.cn/ph/2014/02/22/210353.26040441_1280X720X2.jpg
爱的游戏,"Blé en herbe, Le",1954,,Renée Devillers,http://img31.mtime.cn/ph/224/1144224/1144224_1280X720X2.jpg
爱的游戏,"Blé en herbe, Le",1954,克劳德·贝里,Claude Berri,http://img31.mtime.cn/ph/2014/02/22/193432.84319229_1280X720X2.jpg
爱的游戏,"Blé en herbe, Le",1954,,Charles Camus,http://img31.mtime.cn/ph/1520/1089520/1089520_1280X720X2.jpg
爱的游戏,"Blé en herbe, Le",1954,,Philippe Chauveau,http://img31.mtime.cn/ph/770/1110770/1110770_1280X720X2.jpg
爱的游戏,"Blé en herbe, Le",1954,,Sylvie Dorléac,http://img31.mtime.cn/ph/485/1598485/1598485_1280X720X2.jpg
爱的游戏,"Blé en herbe, Le",1954,,Josiane Lecomte,http://img31.mtime.cn/ph/486/1598486/1598486_1280X720X2.jpg
爱的游戏,"Blé en herbe, Le",1954,,Janette Lucas,http://img31.mtime.cn/ph/487/1598487/1598487_1280X720X2.jpg
爱的游戏,"Blé en herbe, Le",1954,,Yannick Malloire,http://img31.mtime.cn/ph/1921/1115921/1115921_1280X720X2.jpg
爱的游戏,"Blé en herbe, Le",1954,,Julienne Paroli,http://img31.mtime.cn/ph/1439/1047439/1047439_1280X720X2.jpg
爱的游戏,"Blé en herbe, Le",1954,,Louis Saintève,http://img31.mtime.cn/ph/997/1108997/1108997_1280X720X2.jpg
爱的游戏,"Blé en herbe, Le",1954,,Madeleine Suffel,http://img31.mtime.cn/ph/55/1030055/1030055_1280X720X2.jpg
急流勇进,Rapid Fear,,,Steven Grives,http://img31.mtime.cn/ph/1605/931605/931605_1280X720X2.jpg
急流勇进,Rapid Fear,,,Peter Kent,http://img31.mtime.cn/ph/1856/961856/961856_1280X720X2.jpg
急流勇进,Rapid Fear,,,Craig Marriott,http://img31.mtime.cn/ph/418/1116418/1116418_1280X720X2.jpg
急流勇进,Rapid Fear,,,Dragista Derbert,http://img31.mtime.cn/ph/533/1354533/1354533_1280X720X2.jpg
急流勇进,Rapid Fear,,,Guy Edmonds,http://img31.mtime.cn/ph/534/1354534/1354534_1280X720X2.jpg
急流勇进,Rapid Fear,,,Helen Christinson,http://img31.mtime.cn/ph/535/1354535/1354535_1280X720X2.jpg
急流勇进,Rapid Fear,,,Belle Shootingstar,http://img31.mtime.cn/ph/536/1354536/1354536_1280X720X2.jpg
急流勇进,Rapid Fear,,,Remi Broadway,http://img31.mtime.cn/ph/797/934797/934797_1280X720X2.jpg
急流勇进,Rapid Fear,,,Vanja Matula,http://img31.mtime.cn/ph/537/1354537/1354537_1280X720X2.jpg
急流勇进,Rapid Fear,,,Erich Thrill,http://img31.mtime.cn/ph/538/1354538/1354538_1280X720X2.jpg
急流勇进,Rapid Fear,,,Gary Atkinson,http://img31.mtime.cn/ph/539/1354539/1354539_1280X720X2.jpg
急流勇进,Rapid Fear,,,Rico Rameko Lescot,http://img31.mtime.cn/ph/540/1354540/1354540_1280X720X2.jpg
急流勇进,Rapid Fear,,,Steven Tandy,http://img31.mtime.cn/ph/1937/939937/939937_1280X720X2.jpg
紫色平原,The Purple Plain,1954,格利高里·派克,Gregory Peck,http://img31.mtime.cn/ph/2014/03/14/153619.69602186_1280X720X2.jpg
紫色平原,The Purple Plain,1954,,Win Min Than,http://img31.mtime.cn/ph/1659/1101659/1101659_1280X720X2.jpg
紫色平原,The Purple Plain,1954,布伦达·德·班泽,Brenda De Banzie,http://img31.mtime.cn/ph/483/1064483/1064483_1280X720X2.jpg
紫色平原,The Purple Plain,1954,伯纳德·李,Bernard Lee,http://img31.mtime.cn/ph/2014/02/22/205837.38272829_1280X720X2.jpg
紫色平原,The Purple Plain,1954,,Maurice Denham,http://img31.mtime.cn/ph/1225/1045225/1045225_1280X720X2.jpg
紫色平原,The Purple Plain,1954,林顿·布洛克,Lyndon Brook,http://img31.mtime.cn/ph/1398/1061398/1061398_1280X720X2.jpg
紫色平原,The Purple Plain,1954,,Anthony Bushell,http://img31.mtime.cn/ph/809/1026809/1026809_1280X720X2.jpg
紫色平原,The Purple Plain,1954,,Josephine Griffin,http://img31.mtime.cn/ph/1660/1101660/1101660_1280X720X2.jpg
紫色平原,The Purple Plain,1954,,Ram Gopal,http://img31.mtime.cn/ph/1661/1101661/1101661_1280X720X2.jpg
紫色平原,The Purple Plain,1954,,Dorothy Alison,http://img31.mtime.cn/ph/1062/1043062/1043062_1280X720X2.jpg
紫色平原,The Purple Plain,1954,,Peter Arne,http://img31.mtime.cn/ph/1847/1061847/1061847_1280X720X2.jpg
紫色平原,The Purple Plain,1954,,Jack McNaughton,http://img31.mtime.cn/ph/1277/1049277/1049277_1280X720X2.jpg
紫色平原,The Purple Plain,1954,,Lane Meddick,http://img31.mtime.cn/ph/135/1062135/1062135_1280X720X2.jpg
紫色平原,The Purple Plain,1954,,Harold Siddons,http://img31.mtime.cn/ph/1888/1059888/1059888_1280X720X2.jpg
紫色平原,The Purple Plain,1954,,Mya Mya Spencer,http://img31.mtime.cn/ph/1662/1101662/1101662_1280X720X2.jpg
紫色平原,The Purple Plain,1954,,John A. Tinn,http://img31.mtime.cn/ph/247/1074247/1074247_1280X720X2.jpg
紫色平原,The Purple Plain,1954,,Soo Ah Wong,http://img31.mtime.cn/ph/1663/1101663/1101663_1280X720X2.jpg
隔空奔跑,"Lebensversicherer, Der",2006,,Jens Harzer,http://img31.mtime.cn/ph/1600/1147600/1147600_1280X720X2.jpg
隔空奔跑,"Lebensversicherer, Der",2006,,Marina Galic,http://img31.mtime.cn/ph/490/1388490/1388490_1280X720X2.jpg
隔空奔跑,"Lebensversicherer, Der",2006,安娜·玛利亚·穆埃,Anna Maria Mühe,http://img31.mtime.cn/ph/2014/02/22/200956.99110112_1280X720X2.jpg
隔空奔跑,"Lebensversicherer, Der",2006,克里斯蒂安·布鲁梅尔,Christian Blümel,http://img31.mtime.cn/ph/2014/02/22/203228.10273937_1280X720X2.jpg
隔空奔跑,"Lebensversicherer, Der",2006,梅迪·内博,Mehdi Nebbou,http://img5.mtime.cn/ph/2019/06/10/173015.87216765_1280X720X2.jpg
隔空奔跑,"Lebensversicherer, Der",2006,,Thomas Jahn,http://img31.mtime.cn/ph/1607/905607/905607_1280X720X2.jpg
隔空奔跑,"Lebensversicherer, Der",2006,,Eva Mannschott,http://img31.mtime.cn/ph/1135/937135/937135_1280X720X2.jpg
隔空奔跑,"Lebensversicherer, Der",2006,,Oliver Marlo,http://img31.mtime.cn/ph/189/994189/994189_1280X720X2.jpg
隔空奔跑,"Lebensversicherer, Der",2006,,Birgit Funke,http://img31.mtime.cn/ph/491/1388491/1388491_1280X720X2.jpg
隔空奔跑,"Lebensversicherer, Der",2006,,Patrizia Moresco,http://img31.mtime.cn/ph/1448/943448/943448_1280X720X2.jpg
隔空奔跑,"Lebensversicherer, Der",2006,,Hussi Kutlucan,http://img31.mtime.cn/ph/1267/1121267/1121267_1280X720X2.jpg
隔空奔跑,"Lebensversicherer, Der",2006,,Daniel Jeroma,http://img31.mtime.cn/ph/492/1388492/1388492_1280X720X2.jpg
隔空奔跑,"Lebensversicherer, Der",2006,,Lukas Weerts,http://img31.mtime.cn/ph/493/1388493/1388493_1280X720X2.jpg
隔空奔跑,"Lebensversicherer, Der",2006,艾瑞娜·波塔佩科,Irina Potapenko,http://img31.mtime.cn/ph/2014/02/22/214941.53328942_1280X720X2.jpg
隔空奔跑,"Lebensversicherer, Der",2006,,Thomas Bartholomäus Müller,http://img31.mtime.cn/ph/495/1388495/1388495_1280X720X2.jpg
我最爱的错误,My Favorite Mistake,2007,艾伦·旁派,Ellen Pompeo,http://img31.mtime.cn/ph/2014/02/22/200601.40518189_1280X720X2.jpg
我最爱的错误,My Favorite Mistake,2007,吴珊卓,Sandra Oh,http://img5.mtime.cn/ph/2017/04/14/100542.99841296_1280X720X2.jpg
我最爱的错误,My Favorite Mistake,2007,凯瑟琳·海格尔,Katherine Heigl,http://img31.mtime.cn/ph/2016/09/04/155907.10413812_1280X720X2.jpg
我最爱的错误,My Favorite Mistake,2007,贾斯汀·钱伯斯,Justin Chambers,http://img5.mtime.cn/ph/2017/07/11/103904.60210542_1280X720X2.jpg
我最爱的错误,My Favorite Mistake,2007,T.R.奈特,T.R. Knight,http://img31.mtime.cn/ph/2014/02/22/211814.36311259_1280X720X2.jpg
我最爱的错误,My Favorite Mistake,2007,钱德拉·威尔森,Chandra Wilson,http://img31.mtime.cn/ph/2014/02/22/202326.60128980_1280X720X2.jpg
我最爱的错误,My Favorite Mistake,2007,,James Pickens Jr.,http://img31.mtime.cn/ph/2014/02/22/203346.62789955_1280X720X2.jpg
我最爱的错误,My Favorite Mistake,2007,凯特·沃什,Kate Walsh,http://img5.mtime.cn/ph/2017/05/02/173028.36926507_1280X720X2.jpg
我最爱的错误,My Favorite Mistake,2007,莎拉·拉米尔兹,Sara Ramirez,http://img31.mtime.cn/ph/2014/02/22/203002.66070759_1280X720X2.jpg
我最爱的错误,My Favorite Mistake,2007,埃里克·迪恩,Eric Dane,http://img31.mtime.cn/ph/2014/02/22/201640.98837831_1280X720X2.jpg
我最爱的错误,My Favorite Mistake,2007,艾赛亚·华盛顿,Isaiah Washington,http://img31.mtime.cn/ph/2012/06/07/172113.22543781_1280X720X2.jpg
我最爱的错误,My Favorite Mistake,2007,帕特里克·德姆西,Patrick Dempsey,http://img31.mtime.cn/ph/2015/01/13/094340.17333545_1280X720X2.jpg
我最爱的错误,My Favorite Mistake,2007,伊莉莎白·里瑟,Elizabeth Reaser,http://img31.mtime.cn/ph/2012/07/13/200734.30664395_1280X720X2.jpg
我最爱的错误,My Favorite Mistake,2007,,Michael Boatman,http://img31.mtime.cn/ph/185/930185/930185_1280X720X2.jpg
我最爱的错误,My Favorite Mistake,2007,罗杰·里斯,Roger Rees,http://img21.mtime.cn/ph/2010/05/10/135418.54606832_1280X720X2.jpg
我最爱的错误,My Favorite Mistake,2007,凯瑟琳·丹特,Catherine Dent,http://img5.mtime.cn/ph/2021/04/12/150808.83403710_1280X720X2.jpg
我最爱的错误,My Favorite Mistake,2007,伊丽莎白·莫斯,Elisabeth Moss,http://img5.mtime.cn/ph/2019/05/24/154131.35933455_1280X720X2.jpg
我最爱的错误,My Favorite Mistake,2007,赫克托·埃里仲杜,Hector Elizondo,http://img31.mtime.cn/ph/2014/02/22/200832.74912963_1280X720X2.jpg
我最爱的错误,My Favorite Mistake,2007,,Judi Barton,http://img31.mtime.cn/ph/1358/1267358/1267358_1280X720X2.jpg
人猿部落,Orang chon,,,Hak Su Kim,http://img31.mtime.cn/ph/783/1472783/1472783_1280X720X2.jpg
人猿部落,Orang chon,,,Hyo Gyong Dzo,http://img31.mtime.cn/ph/784/1472784/1472784_1280X720X2.jpg
人猿部落,Orang chon,,,Un Bong Che,http://img31.mtime.cn/ph/785/1472785/1472785_1280X720X2.jpg
人猿部落,Orang chon,,,Dzong Bok Mun,http://img31.mtime.cn/ph/786/1472786/1472786_1280X720X2.jpg
人猿部落,Orang chon,,,Sob Pak,http://img31.mtime.cn/ph/787/1472787/1472787_1280X720X2.jpg
外来妹,,,陈小艺,Xiaoyi Chen,http://img31.mtime.cn/ph/2014/02/22/211102.99021790_1280X720X2.jpg
外来妹,,,汤镇宗,Tong Chun Chung,http://img31.mtime.cn/ph/2014/02/22/211700.97562905_1280X720X2.jpg
外来妹,,,李婷,Ting Li,http://img31.mtime.cn/ph/2014/02/22/210711.51874510_1280X720X2.jpg
外来妹,,,杨青,Qing Yang,http://img31.mtime.cn/ph/2016/08/30/155928.33543439_1280X720X2.jpg
外来妹,,,白珊,Shan Bai,http://img31.mtime.cn/ph/2016/06/23/111402.54534377_1280X720X2.jpg
